postcode,latitude,longitude
3000-vic,-37.8142135,144.96314500104864
3001-vic,-37.8143271,144.96260393333333
3002-vic,-37.812872,144.981886
3003-vic,-37.809332,144.925223
3004-vic,-37.837281,144.97270967380712
3005-vic,-37.821972,144.952728
3006-vic,-37.825243,144.960278
3007-vic,-12.4643506,130.842693
3008-vic,-37.817837,144.93955
3009-vic,-12.4643506,130.842693
3010-vic,-37.795868,144.961198
3011-vic,-37.799522,144.896394
3012-vic,-37.803234,144.85898
3013-vic,-37.817976,144.881972
3014-vic,-12.4643506,130.842693
3015-vic,-37.837628,144.882222
3016-vic,-37.859128,144.88479
3017-vic,-12.4643506,130.842693
3018-vic,-37.860307,144.815007
3019-vic,-37.786705,144.854842
3020-vic,-37.783321,144.824052
3021-vic,-37.74268,144.800379
3022-vic,-37.775857,144.80144
3023-vic,-37.754459,144.758472
3024-vic,-37.815944,144.596917
3025-vic,-37.837926,144.834702
3026-vic,-37.830019,144.78719
3027-vic,-37.86178,144.749469
3028-vic,-37.878006,144.780049
3029-vic,-37.840418,144.703389
3030-vic,-37.92622,144.682939
3031-vic,-37.7882221,144.9313004
3032-vic,-37.774723,144.900006
3033-vic,-37.738346,144.856086
3034-vic,-37.761552,144.862606
3035-vic,-12.4643506,130.842693
3036-vic,-37.694454,144.806848
3037-vic,-37.699836,144.755559
3038-vic,-37.706867,144.794122
3039-vic,-37.765626,144.921429
3040-vic,-37.752049,144.905478
3041-vic,-37.729458,144.907161
3042-vic,-37.725277,144.871043
3043-vic,-37.700134,144.881286
3044-vic,-38.6014735,145.58991324216032
3045-vic,-37.676422,144.836519
3046-vic,-37.706615,144.930952
3047-vic,-37.681097,144.930917
3048-vic,-37.653423,144.925038
3049-vic,-37.671066,144.889375
3050-vic,-37.79896125,144.95618445
3051-vic,-37.798566,144.945165
3052-vic,-37.785755,144.950045
3053-vic,-37.800421,144.968419
3054-vic,-37.785712,144.968127
3055-vic,-37.763319,144.942536
3056-vic,-37.766442,144.961267
3057-vic,-37.768903,144.977668
3058-vic,-37.73749,144.965545
3059-vic,-37.646322,144.873285
3060-vic,-37.705235,144.969606
3061-vic,-37.648006949999996,144.94457782313486
3062-vic,-37.634683,144.950763
3063-vic,-37.598454,144.86205
3064-vic,-37.55699,144.918335
3065-vic,-37.801044,144.979133
3066-vic,-37.802091,144.988136
3067-vic,-37.804598,144.999762
3068-vic,-37.786685,144.989728
3069-vic,-12.4643506,130.842693
3070-vic,-37.772822,145.000962
3071-vic,-37.758288,145.005138
3072-vic,-37.741871,145.007822
3073-vic,-37.712264,145.006912
3074-vic,-37.683855,145.008275
3075-vic,-37.662904,145.003928
3076-vic,-37.639123,145.026623
3077-vic,-12.4643506,130.842693
3078-vic,-37.782696,145.022497
3079-vic,-37.770327,145.048625
3080-vic,-12.4643506,130.842693
3081-vic,-37.742992,145.046407
3082-vic,-37.664001,145.064518
3083-vic,-37.696009,145.059378
3084-vic,-37.746684,145.076851
3085-vic,-37.722207,145.078725
3086-vic,-37.721761,145.047936
3087-vic,-37.7108755,145.0823671
3088-vic,-37.7029369,145.1067084
3089-vic,-37.666963,145.158693
3090-vic,-37.667423,145.112356
3091-vic,-37.637513,145.134857
3092-vic,-12.4643506,130.842693
3093-vic,-37.738827,145.116214
3094-vic,-37.719,145.125301
3095-vic,-37.711376,145.166383
3096-vic,-37.669939,145.191608
3097-vic,-37.690722,145.240738
3098-vic,-12.4643506,130.842693
3099-vic,-37.57523,145.227222
3100-vic,-12.4643506,130.842693
3101-vic,-37.803361,145.033315
3102-vic,-37.790443,145.052776
3103-vic,-37.809738,145.080071
3104-vic,-37.791952,145.084254
3105-vic,-37.768885,145.08718
3106-vic,-37.754047,145.148633
3107-vic,-37.763868,145.112273
3108-vic,-37.784828,145.123853
3109-vic,-37.778863,145.163892
3110-vic,-12.4643506,130.842693
3111-vic,-37.789785,145.191431
3112-vic,-12.4643506,130.842693
3113-vic,-37.740429,145.211269
3114-vic,-37.776885,145.214628
3115-vic,-37.735657,145.269798
3116-vic,-37.738602,145.314315
3117-vic,-12.4643506,130.842693
3118-vic,-12.4643506,130.842693
3119-vic,-12.4643506,130.842693
3120-vic,-12.4643506,130.842693
3121-vic,-37.822907,145.004046
3122-vic,-37.824428,145.031709
3123-vic,-37.831355,145.049968
3124-vic,-37.838442,145.074017
3125-vic,-37.849572,145.111381
3126-vic,-37.82432,145.075778
3127-vic,-37.824229,145.100874
3128-vic,-37.829038,145.124741
3129-vic,-37.804911,145.123097
3130-vic,-37.823279,145.15103
3131-vic,-37.827378,145.174091
3132-vic,-37.818177,145.199007
3133-vic,-37.847574,145.192716
3134-vic,-37.791616,145.237236
3135-vic,-37.82149,145.248677
3136-vic,-37.790932,145.281595
3137-vic,-37.818823,145.315625
3138-vic,-37.781338,145.325672
3139-vic,-37.812979,145.543833
3140-vic,-37.755636,145.367856
3141-vic,-37.839174,144.991484
3142-vic,-37.955623,145.2250019
3143-vic,-37.85676,145.020705
3144-vic,-37.855091,145.035192
3145-vic,-37.877463,145.062448
3146-vic,-37.855796,145.064606
3147-vic,-37.867017,145.090996
3148-vic,-37.882268,145.100145
3149-vic,-37.878382,145.128497
3150-vic,-37.891558,145.175342
3151-vic,-37.853586,145.150416
3152-vic,-37.865479,145.222848
3153-vic,-37.837136,145.27324
3154-vic,-37.855687,145.321373
3155-vic,-37.856291,145.285965
3156-vic,-37.912861,145.285952
3157-vic,-12.4643506,130.842693
3158-vic,-37.905212,145.327969
3159-vic,-37.921323,145.390437
3160-vic,-37.931694,145.355001
3161-vic,-37.872048,145.021587
3162-vic,-37.89138,145.025362
3163-vic,-37.894466,145.059141
3164-vic,-37.807025,145.1894603
3165-vic,-37.92211,145.066689
3166-vic,-37.901861,145.098245
3167-vic,-37.9244,145.094275
3168-vic,-37.916715,145.131804
3169-vic,-37.943071,145.119327
3170-vic,-37.925684,145.175882
3171-vic,-37.8089755,145.2183149
3172-vic,-37.8073769,145.2171689
3173-vic,-37.837560800000006,145.18437865769067
3174-vic,-37.963956,145.181011
3175-vic,-38.022298,145.204414
3176-vic,-12.4643506,130.842693
3177-vic,-37.990625,145.240186
3178-vic,-37.923836,145.245142
3179-vic,-37.90144,145.219361
3180-vic,-37.889776,145.249621
3181-vic,-37.852836,144.997504
3182-vic,-37.862987,144.980158
3183-vic,-37.86773,145.000206
3184-vic,-37.880922,144.985534
3185-vic,-37.886128,145.006116
3186-vic,-37.908189,144.995817
3187-vic,-37.917174,145.016386
3188-vic,-37.937661,145.014248
3189-vic,-37.941458,145.057783
3190-vic,-37.950386,145.03979
3191-vic,-37.953304,145.013879
3192-vic,-37.963413,145.061523
3193-vic,-37.977398,145.032372
3194-vic,-37.979933,145.081501
3195-vic,-38.00834,145.102803
3196-vic,-38.048201,145.125618
3197-vic,-38.071307,145.139194
3198-vic,-38.104821,145.138447
3199-vic,-38.160187,145.13881
3200-vic,-38.123924,145.163859
3201-vic,-38.092778,145.175794
3202-vic,-37.956066,145.093194
3203-vic,-37.791529,145.0480042
3204-vic,-37.915591,145.038934
3205-vic,-37.833409,144.956973
3206-vic,-37.846018,144.963015
3207-vic,-37.83317,144.922248
3208-vic,-37.7931334,145.0607778
3209-vic,-37.7933972,145.0632787
3210-vic,-12.4643506,130.842693
3211-vic,-37.926228,144.491566
3212-vic,-38.021617,144.449248
3213-vic,-37.9497973,144.25938384
3214-vic,-38.073687,144.371593
3215-vic,-38.108153,144.335321
3216-vic,-38.234152,144.294612
3217-vic,-38.196409,144.308651
3218-vic,-38.137428,144.336197
3219-vic,-38.172601,144.382028
3220-vic,-38.152941,144.345551
3221-vic,-38.246109,144.089547
3222-vic,-37.91799965,145.15954220008777
3223-vic,-38.153339,144.665828
3224-vic,-38.192815,144.468894
3225-vic,-38.26960988888889,144.63623649444443
3226-vic,-38.260975,144.528266
3227-vic,-38.256454,144.419564
3228-vic,-38.332444,144.270709
3229-vic,-12.4643506,130.842693
3230-vic,-38.410153,144.182163
3231-vic,-38.441401,144.017492
3232-vic,-38.537462,143.97552
3233-vic,-38.726974,143.648383
3234-vic,-38.6706482,143.8113521
3235-vic,-38.415994,143.894121
3236-vic,-38.509558,143.699198
3237-vic,-38.626919,143.439087
3238-vic,-38.761042,143.504478
3239-vic,-38.519358,143.58424
3240-vic,-38.257183,144.129443
3241-vic,-38.270944,143.956687
3242-vic,-38.229016,143.819534
3243-vic,-38.425757,143.757688
3244-vic,-12.4643506,130.842693
3245-vic,-12.4643506,130.842693
3246-vic,-12.4643506,130.842693
3247-vic,-12.4643506,130.842693
3248-vic,-12.4643506,130.842693
3249-vic,-38.340977,143.500103
3250-vic,-38.358835,143.578547
3251-vic,-38.118861,143.690182
3252-vic,-38.1449969,144.3551065
3253-vic,-12.4643506,130.842693
3254-vic,-38.290053,143.547124
3255-vic,-12.4643506,130.842693
3256-vic,-12.4643506,130.842693
3257-vic,-12.4643506,130.842693
3258-vic,-12.4643506,130.842693
3259-vic,-12.4643506,130.842693
3260-vic,-38.181426,143.25545
3261-vic,-12.4643506,130.842693
3262-vic,-12.4643506,130.842693
3263-vic,-12.4643506,130.842693
3264-vic,-38.229478,142.889552
3265-vic,-38.234803,142.806017
3266-vic,-38.402253,143.124099
3267-vic,-38.466787,143.080181
3268-vic,-38.518612,142.949314
3269-vic,-38.631076,143.108261
3270-vic,-38.601887,142.874557
3271-vic,-37.904862,143.021877
3272-vic,-37.955973,142.879671
3273-vic,-38.0894909,144.2802151
3274-vic,-37.915391,142.537149
3275-vic,-38.296574,142.448602
3276-vic,-38.122458,142.464426
3277-vic,-38.415934,142.686217
3278-vic,-38.6045826,145.58959619349255
3279-vic,-38.0892847,144.279896
3280-vic,-38.366756,142.488194
3281-vic,-38.256291,142.517434
3282-vic,-38.299373,142.380698
3283-vic,-38.226607,142.2578
3284-vic,-38.333996,142.178322
3285-vic,-38.234047,141.924018
3286-vic,-38.025555,142.051968
3287-vic,-38.05434,142.303111
3288-vic,-38.0768381,144.2340584
3289-vic,-37.859175,142.336378
3290-vic,-12.4643506,130.842693
3291-vic,-12.4643506,130.842693
3292-vic,-37.972661,141.096286
3293-vic,-37.711224,142.527201
3294-vic,-37.46306,142.333853
3295-vic,-12.4643506,130.842693
3296-vic,-12.4643506,130.842693
3297-vic,-12.4643506,130.842693
3298-vic,-38.10127973333333,145.12620206666668
3299-vic,-12.4643506,130.842693
3300-vic,-37.745842,142.017613
3301-vic,-37.816723,142.061417
3302-vic,-37.806313,141.72985
3303-vic,-37.971558,141.676245
3304-vic,-38.114657,141.544709
3305-vic,-38.289211,141.530128
3306-vic,-12.4643506,130.842693
3307-vic,-12.4643506,130.842693
3308-vic,-12.4643506,130.842693
3309-vic,-37.825159,141.366848
3310-vic,-37.699431,141.540787
3311-vic,-37.603148,141.331721
3312-vic,-37.468389,141.170608
3313-vic,-12.4643506,130.842693
3314-vic,-37.391713,142.026644
3315-vic,-37.439585,141.653885
3316-vic,-12.4643506,130.842693
3317-vic,-37.202035,141.435945
3318-vic,-37.066953,141.305069
3319-vic,-36.966731,141.084115
3320-vic,-12.4643506,130.842693
3321-vic,-38.085347,143.946762
3322-vic,-38.039209,143.659917
3323-vic,-38.009319,143.510769
3324-vic,-37.99812,143.448929
3325-vic,-37.906955,143.172013
3326-vic,-12.4643506,130.842693
3327-vic,-12.4643506,130.842693
3328-vic,-38.025765,144.047895
3329-vic,-37.974592,143.961589
3330-vic,-37.942994,143.754871
3331-vic,-37.935529,144.190994
3332-vic,-37.955982,144.096548
3333-vic,-37.861796,144.043371
3334-vic,-37.755827,144.040684
3335-vic,-37.887188,145.0842821
3336-vic,-37.71963957982456,144.72931286403508
3337-vic,-37.628274,144.585777
3338-vic,-37.740138,144.547635
3340-vic,-37.740606,144.397274
3341-vic,-37.518673,144.330226
3342-vic,-37.671833,144.238147
3343-vic,-12.4643506,130.842693
3344-vic,-12.4643506,130.842693
3345-vic,-37.528531,144.123902
3346-vic,-12.4643506,130.842693
3347-vic,-12.4643506,130.842693
3348-vic,-12.4643506,130.842693
3349-vic,-12.4643506,130.842693
3350-vic,-37.550664,143.882101
3351-vic,-37.673669,143.167669
3352-vic,-37.529961,143.756359
3353-vic,-37.5515184,143.8203839
3354-vic,-12.4643506,130.842693
3355-vic,-37.515733,143.796111
3356-vic,-37.589329,143.820249
3357-vic,-37.6522,143.900268
3358-vic,-37.56950365,143.80017985
3359-vic,-12.4643506,130.842693
3360-vic,-37.816131,143.5416
3361-vic,-37.685767,143.30259
3362-vic,-12.4643506,130.842693
3363-vic,-37.445308,143.924564
3364-vic,-37.340522,143.908433
3365-vic,-12.4643506,130.842693
3366-vic,-12.4643506,130.842693
3367-vic,-12.4643506,130.842693
3368-vic,-12.4643506,130.842693
3369-vic,-12.4643506,130.842693
3370-vic,-37.28766,143.772171
3371-vic,-37.149039,143.726804
3372-vic,-12.4643506,130.842693
3373-vic,-37.352129,143.344294
3374-vic,-37.146085,142.844988
3375-vic,-37.296646,143.124669
3376-vic,-12.4643506,130.842693
3377-vic,-37.282269,142.84913
3378-vic,-38.0456554,145.2466424
3379-vic,-37.492684,142.618404
3380-vic,-37.073348,142.740301
3381-vic,-37.117895,142.52375
3382-vic,-12.4643506,130.842693
3383-vic,-37.75387125,145.6878595647712
3384-vic,-36.92045,143.040979
3385-vic,-36.885139,142.717416
3386-vic,-12.4643506,130.842693
3387-vic,-36.60663,142.885128
3388-vic,-36.632458,142.671815
3389-vic,-12.4643506,130.842693
3390-vic,-36.64697,142.49311
3391-vic,-36.082119,142.365581
3392-vic,-36.417688,142.584016
3393-vic,-36.260188,142.438372
3394-vic,-12.4643506,130.842693
3395-vic,-35.769723,142.321405
3396-vic,-35.72764,142.363301
3397-vic,-12.4643506,130.842693
3398-vic,-12.4643506,130.842693
3399-vic,-12.4643506,130.842693
3400-vic,-36.718924,142.196228
3401-vic,-36.78904,141.933825
3402-vic,-12.4643506,130.842693
3403-vic,-12.4643506,130.842693
3404-vic,-12.4643506,130.842693
3405-vic,-12.4643506,130.842693
3406-vic,-12.4643506,130.842693
3407-vic,-37.216011,141.775965
3408-vic,-12.4643506,130.842693
3409-vic,-36.873939,141.779539
3410-vic,-37.9567839,145.045814
3411-vic,-12.4643506,130.842693
3412-vic,-36.720012,141.472764
3413-vic,-36.743828,141.117121
3414-vic,-36.38765,142.061155
3415-vic,-36.376035,141.374999
3416-vic,-12.4643506,130.842693
3417-vic,-12.4643506,130.842693
3418-vic,-36.272198,141.631698
3419-vic,-36.390746,141.283117
3420-vic,-36.114463,141.112465
3421-vic,-12.4643506,130.842693
3422-vic,-12.4643506,130.842693
3423-vic,-36.136823,141.992043
3424-vic,-35.889703,141.98152
3425-vic,-12.4643506,130.842693
3426-vic,-12.4643506,130.842693
3427-vic,-37.620824,144.697636
3428-vic,-37.635244,144.791031
3429-vic,-37.547139,144.744164
3430-vic,-37.469301,144.793773
3431-vic,-37.438257,144.677704
3432-vic,-37.438652,144.774819
3433-vic,-37.396894,144.805378
3434-vic,-37.352345,144.728299
3435-vic,-37.274036,144.748012
3436-vic,-12.4643506,130.842693
3437-vic,-37.501598,144.546684
3438-vic,-37.452386,144.615251
3439-vic,-12.4643506,130.842693
3440-vic,-37.428476,144.555869
3441-vic,-37.392971,144.593182
3442-vic,-37.338964,144.542393
3443-vic,-12.4643506,130.842693
3444-vic,-37.130812,144.488237
3445-vic,-12.4643506,130.842693
3446-vic,-37.188804,144.377233
3447-vic,-37.140503,144.349298
3448-vic,-37.034145,144.359302
3449-vic,-12.4643506,130.842693
3450-vic,-37.057949,144.218689
3451-vic,-37.100099,144.214803
3452-vic,-12.4643506,130.842693
3453-vic,-36.933904,144.238935
3454-vic,-12.4643506,130.842693
3455-vic,-12.4643506,130.842693
3456-vic,-12.4643506,130.842693
3457-vic,-12.4643506,130.842693
3458-vic,-37.375934,144.33763
3459-vic,-12.4643506,130.842693
3460-vic,-37.352954,144.140578
3461-vic,-37.297008,144.178917
3462-vic,-37.152812,144.016379
3463-vic,-36.941376,144.035689
3464-vic,-37.045467,143.875374
3465-vic,-37.024339,143.690727
3466-vic,-12.4643506,130.842693
3467-vic,-37.099213,143.491477
3468-vic,-37.187948,143.414816
3469-vic,-37.113591,143.251556
3470-vic,-12.4643506,130.842693
3471-vic,-12.4643506,130.842693
3472-vic,-36.859371,143.74057
3473-vic,-12.4643506,130.842693
3474-vic,-12.4643506,130.842693
3475-vic,-36.836434,143.568332
3476-vic,-12.4643506,130.842693
3477-vic,-36.763951,143.359182
3478-vic,-36.68568,143.269235
3479-vic,-12.4643506,130.842693
3480-vic,-36.322384,142.917627
3481-vic,-12.4643506,130.842693
3482-vic,-36.030295,142.88424
3483-vic,-35.980605,142.915983
3484-vic,-12.4643506,130.842693
3485-vic,-35.682805,142.666799
3486-vic,-12.4643506,130.842693
3487-vic,-35.562517,142.614717
3488-vic,-35.441419,142.447426
3489-vic,-35.320392,142.466679
3490-vic,-35.161192,141.509975
3491-vic,-35.501266,142.410319
3492-vic,-12.4643506,130.842693
3493-vic,-12.4643506,130.842693
3494-vic,-34.5579,142.175082
3495-vic,-12.4643506,130.842693
3496-vic,-34.3132,141.554219
3497-vic,-12.4643506,130.842693
3498-vic,-34.252569,142.168627
3499-vic,-12.4643506,130.842693
3500-vic,-34.207509,142.125699
3501-vic,-34.600735,142.302293
3502-vic,-34.1876341,142.1603791
3503-vic,-37.7983068,144.9671467
3504-vic,-12.4643506,130.842693
3505-vic,-34.181435,142.036212
3506-vic,-35.193809,141.369431
3507-vic,-35.098252,142.317313
3508-vic,-12.4643506,130.842693
3509-vic,-35.168995,141.809221
3510-vic,-12.4643506,130.842693
3511-vic,-12.4643506,130.842693
3512-vic,-35.167067,141.409329
3513-vic,-12.4643506,130.842693
3514-vic,-12.4643506,130.842693
3515-vic,-36.757115,144.13211
3516-vic,-36.631342,144.016503
3517-vic,-36.452382,143.882192
3518-vic,-36.536535,143.571511
3519-vic,-12.4643506,130.842693
3520-vic,-36.305922,143.603645
3521-vic,-37.138186,144.819216
3522-vic,-37.049268,144.711112
3523-vic,-36.877221,144.669002
3524-vic,-12.4643506,130.842693
3525-vic,-36.327516,143.319437
3526-vic,-12.4643506,130.842693
3527-vic,-36.110714,143.311611
3528-vic,-12.4643506,130.842693
3529-vic,-35.850844,143.197465
3530-vic,-35.779567,143.196265
3531-vic,-35.751451,142.862054
3532-vic,-12.4643506,130.842693
3533-vic,-35.41075,142.803252
3534-vic,-12.4643506,130.842693
3535-vic,-12.4643506,130.842693
3536-vic,-12.4643506,130.842693
3537-vic,-36.091748,143.698717
3538-vic,-12.4643506,130.842693
3539-vic,-12.4643506,130.842693
3540-vic,-35.872292,143.565581
3541-vic,-12.4643506,130.842693
3542-vic,-35.672954,143.523726
3543-vic,-12.4643506,130.842693
3544-vic,-35.397932,143.210967
3545-vic,-12.4643506,130.842693
3546-vic,-35.087544,142.911054
3547-vic,-12.4643506,130.842693
3548-vic,-12.4643506,130.842693
3549-vic,-34.780269,142.79665
3550-vic,-36.76001,144.289503
3551-vic,-36.743884,144.342241
3552-vic,-36.7529157,144.2956522
3553-vic,-12.4643506,130.842693
3554-vic,-12.4643506,130.842693
3555-vic,-36.806417,144.242655
3556-vic,-36.648027,144.189239
3557-vic,-36.617714,144.500801
3558-vic,-36.473808,144.463023
3559-vic,-36.536348,144.778702
3560-vic,-12.4643506,130.842693
3561-vic,-36.27926,144.67044
3562-vic,-36.046245,144.527648
3563-vic,-36.271453,144.498725
3564-vic,-36.150377,144.778196
3565-vic,-12.4643506,130.842693
3566-vic,-35.949427,144.354929
3567-vic,-35.891832,144.320476
3568-vic,-35.827886,144.195043
3569-vic,-12.4643506,130.842693
3570-vic,-36.532214,144.212796
3571-vic,-36.364128,144.215772
3572-vic,-36.342115,144.450379
3573-vic,-36.169927,144.244005
3574-vic,-12.4643506,130.842693
3575-vic,-36.052262,144.054313
3576-vic,-36.123909,143.932037
3577-vic,-12.4643506,130.842693
3578-vic,-12.4643506,130.842693
3579-vic,-35.718506,143.944373
3580-vic,-35.637529,144.12438
3581-vic,-35.657848,143.811219
3582-vic,-12.4643506,130.842693
3583-vic,-35.500583,143.689528
3584-vic,-35.472878,143.681415
3585-vic,-35.438026,143.475265
3586-vic,-35.337801,143.619822
3587-vic,-12.4643506,130.842693
3588-vic,-35.290813,143.452216
3589-vic,-35.286272,143.454378
3590-vic,-35.223767,143.472711
3591-vic,-35.239944,143.38275
3592-vic,-12.4643506,130.842693
3593-vic,-12.4643506,130.842693
3594-vic,-35.171859,143.368983
3595-vic,-35.18351,143.335778
3596-vic,-35.126656,143.344852
3597-vic,-34.925135,143.176932
3598-vic,-12.4643506,130.842693
3599-vic,-34.723347,143.12460735
3600-vic,-12.4643506,130.842693
3601-vic,-12.4643506,130.842693
3602-vic,-12.4643506,130.842693
3603-vic,-37.1234583,144.856818
3604-vic,-12.4643506,130.842693
3605-vic,-12.4643506,130.842693
3606-vic,-12.4643506,130.842693
3607-vic,-36.846094,145.160803
3608-vic,-36.770881,145.082063
3609-vic,-12.4643506,130.842693
3610-vic,-36.589003,145.216477
3611-vic,-12.4643506,130.842693
3612-vic,-36.587762,145.037428
3613-vic,-36.4902694,145.3360156
3614-vic,-36.493598,145.323754
3615-vic,-12.4643506,130.842693
3616-vic,-36.438382,145.187642
3617-vic,-36.405348,145.112684
3618-vic,-36.368241,145.150153
3619-vic,-36.3093405,145.0442407
3620-vic,-36.296168,145.02101
3621-vic,-36.252618,144.967098
3622-vic,-36.23181,144.881023
3623-vic,-36.46278,144.941568
3624-vic,-36.39986,144.949637
3625-vic,-36.148813975,145.42905767916668
3626-vic,-12.4643506,130.842693
3627-vic,-12.4643506,130.842693
3628-vic,-38.484534608333334,142.98058969166667
3629-vic,-36.288165,145.254827
3630-vic,-36.377582,145.403533
3631-vic,-36.448828,145.503343
3632-vic,-12.4643506,130.842693
3633-vic,-36.294594,145.469107
3634-vic,-36.24204,145.466889
3635-vic,-36.159031,145.369672
3636-vic,-36.099021,145.506983
3637-vic,-35.942847,145.254828
3638-vic,-36.088165,145.122271
3639-vic,-35.957466,145.053898
3640-vic,-36.000356,145.498288
3641-vic,-35.907896,145.435158
3642-vic,-12.4643506,130.842693
3643-vic,-12.4643506,130.842693
3644-vic,-35.888295,145.650769
3645-vic,-12.4643506,130.842693
3646-vic,-36.292022,145.699014
3647-vic,-36.60091693333333,145.02007386666668
3648-vic,-12.4643506,130.842693
3649-vic,-36.075381,145.692006
3650-vic,-12.4643506,130.842693
3651-vic,-12.4643506,130.842693
3652-vic,-12.4643506,130.842693
3653-vic,-12.4643506,130.842693
3654-vic,-36.1446064,144.7284785
3655-vic,-12.4643506,130.842693
3656-vic,-12.4643506,130.842693
3657-vic,-12.4643506,130.842693
3658-vic,-37.243596,145.120701
3659-vic,-37.126675,145.151842
3660-vic,-37.054433,145.284247
3661-vic,-12.4643506,130.842693
3662-vic,-36.935692,144.948625
3663-vic,-36.909965,145.183238
3664-vic,-36.913391,145.32611
3665-vic,-36.815177,145.360777
3666-vic,-36.771349,145.560336
3667-vic,-12.4643506,130.842693
3668-vic,-12.4643506,130.842693
3669-vic,-36.587922,145.737112
3670-vic,-36.687161,145.88626
3671-vic,-12.4643506,130.842693
3672-vic,-36.578908,145.996768
3673-vic,-36.720204,146.116618
3674-vic,-12.4643506,130.842693
3675-vic,-36.575619,146.259919
3676-vic,-12.4643506,130.842693
3677-vic,-36.365561,146.313963
3678-vic,-36.588426,146.449622
3679-vic,-12.4643506,130.842693
3680-vic,-12.4643506,130.842693
3681-vic,-12.4643506,130.842693
3682-vic,-36.12763,146.398385
3683-vic,-36.178772,146.602903
3684-vic,-12.4643506,130.842693
3685-vic,-36.027078,146.505202
3686-vic,-12.4643506,130.842693
3687-vic,-36.013818,146.401098
3688-vic,-36.132039,146.699798
3689-vic,-12.4643506,130.842693
3690-vic,-36.118585,146.88575
3691-vic,-36.288277,147.018937
3692-vic,-12.4643506,130.842693
3693-vic,-12.4643506,130.842693
3694-vic,-36.145919,146.932912
3695-vic,-36.358473,147.107605
3696-vic,-12.4643506,130.842693
3697-vic,-36.714103,147.193821
3698-vic,-36.734432,147.152597
3699-vic,-36.777891,147.208476
3701-vic,-36.49785,147.425246
3702-vic,-12.4643506,130.842693
3703-vic,-38.6047631,145.5892389
3704-vic,-36.153817,147.479411
3705-vic,-36.184315,147.657659
3706-vic,-12.4643506,130.842693
3707-vic,-36.426635,147.925302
3708-vic,-36.057846,147.910975
3709-vic,-36.039207,147.667471
3710-vic,-12.4643506,130.842693
3711-vic,-37.422093,145.706991
3712-vic,-37.269647,145.812103
3713-vic,-37.388251,145.94097
3714-vic,-37.227094,145.729808
3715-vic,-36.989047,145.754083
3716-vic,-12.4643506,130.842693
3717-vic,-37.316005,145.469126
3718-vic,-37.163243,145.51859
3719-vic,-37.074581,145.633185
3720-vic,-37.017092,145.880888
3721-vic,-12.4643506,130.842693
3722-vic,-37.049845,146.049483
3723-vic,-37.240402,146.280078
3724-vic,-12.4643506,130.842693
3725-vic,-36.418626,145.940497
3726-vic,-36.374696,146.002916
3727-vic,-36.198369,145.893792
3728-vic,-36.150247,146.043539
3729-vic,-12.4643506,130.842693
3730-vic,-36.058082,145.98138
3731-vic,-12.4643506,130.842693
3732-vic,-36.594719,146.364412
3733-vic,-36.780131,146.329817
3734-vic,-12.4643506,130.842693
3735-vic,-36.562751,146.59581
3736-vic,-37.8662587,145.0936463
3737-vic,-36.809824,146.785182
3738-vic,-36.597126,146.784094
3739-vic,-36.627444,146.825027
3740-vic,-36.786629,146.935766
3741-vic,-37.001847,147.124451
3742-vic,-12.4643506,130.842693
3743-vic,-12.4643506,130.842693
3744-vic,-36.773726,146.983406
3745-vic,-12.4643506,130.842693
3746-vic,-36.310121,146.520958
3747-vic,-36.342206,146.714709
3748-vic,-36.5334763,145.028756
3749-vic,-36.356646,146.867322
3750-vic,-37.596603,145.000925
3751-vic,-37.54251,145.029072
3752-vic,-37.631663,145.083637
3753-vic,-37.479857,145.013448
3754-vic,-37.594866,145.117091
3755-vic,-37.546006,145.128581
3756-vic,-37.432276,144.942074
3757-vic,-37.4748,145.222477
3758-vic,-37.361963,144.991091
3759-vic,-37.644255,145.247669
3760-vic,-37.627001,145.288345
3761-vic,-37.583255,145.28738
3762-vic,-37.349469,144.942553
3763-vic,-37.552705,145.345949
3764-vic,-37.260295,144.923512
3765-vic,-37.811136,145.347947
3766-vic,-37.819375,145.372127
3767-vic,-37.832134,145.355106
3768-vic,-12.4643506,130.842693
3769-vic,-12.4643506,130.842693
3770-vic,-37.711388,145.424457
3771-vic,-12.4643506,130.842693
3772-vic,-12.4643506,130.842693
3773-vic,-12.4643506,130.842693
3774-vic,-12.4643506,130.842693
3775-vic,-37.619303,145.375976
3776-vic,-12.4643506,130.842693
3777-vic,-37.588082,145.521687
3778-vic,-37.511203,145.722077
3779-vic,-37.511976,145.74727
3780-vic,-12.4643506,130.842693
3781-vic,-37.929884,145.512738
3782-vic,-37.920892,145.456995
3783-vic,-37.945293,145.633622
3784-vic,-12.4643506,130.842693
3785-vic,-37.878846,145.315741
3786-vic,-37.875256,145.335066
3787-vic,-37.867797,145.356786
3788-vic,-37.843737,145.385511
3789-vic,-37.891217,145.364879
3790-vic,-12.4643506,130.842693
3791-vic,-37.901253,145.411819
3792-vic,-37.89187,145.402157
3793-vic,-37.874152,145.42849
3794-vic,-12.4643506,130.842693
3795-vic,-37.834187,145.444504
3796-vic,-37.786077399999996,145.37863049999999
3797-vic,-37.845413,145.704746
3798-vic,-12.4643506,130.842693
3799-vic,-37.672889,145.893224
3800-vic,-37.910621,145.134766
3801-vic,-12.4643506,130.842693
3802-vic,-37.970158,145.256394
3803-vic,-38.00775,145.2685
3804-vic,-37.966296,145.323744
3805-vic,-38.035412,145.303984
3806-vic,-38.027643,145.351143
3807-vic,-38.032852,145.38529
3808-vic,-37.994606,145.432118
3809-vic,-38.054287,145.411399
3810-vic,-38.0701,145.491292
3811-vic,-12.4643506,130.842693
3812-vic,-38.076559,145.566993
3813-vic,-38.053472,145.630197
3814-vic,-38.09705,145.655205
3815-vic,-38.08919,145.709921
3816-vic,-38.06656,145.787194
3817-vic,-37.9160806,145.017111
3818-vic,-38.159584,145.835746
3819-vic,-12.4643506,130.842693
3820-vic,-38.149862,145.929081
3821-vic,-38.161681,145.978025
3822-vic,-38.199955,145.999076
3823-vic,-38.234044,146.064618
3824-vic,-38.228969,146.167935
3825-vic,-38.053783,146.307066
3826-vic,-12.4643506,130.842693
3827-vic,-12.4643506,130.842693
3828-vic,-12.4643506,130.842693
3829-vic,-12.4643506,130.842693
3830-vic,-12.4643506,130.842693
3831-vic,-38.0168679,145.9537224
3832-vic,-37.933225,145.955288
3833-vic,-37.814783,146.186882
3834-vic,-12.4643506,130.842693
3835-vic,-38.30016,146.173198
3836-vic,-12.4643506,130.842693
3837-vic,-12.4643506,130.842693
3838-vic,-12.4643506,130.842693
3839-vic,-12.4643506,130.842693
3840-vic,-38.259308,146.407471
3841-vic,-12.4643506,130.842693
3842-vic,-38.316107,146.423614
3843-vic,-12.4643506,130.842693
3844-vic,-38.26743,146.598194
3845-vic,-12.4643506,130.842693
3846-vic,-12.4643506,130.842693
3847-vic,-38.30387,146.903252
3848-vic,-12.4643506,130.842693
3849-vic,-12.4643506,130.842693
3850-vic,-38.104656,147.05627
3851-vic,-38.179667,147.148913
3852-vic,-38.102841,147.135976
3853-vic,-12.4643506,130.842693
3854-vic,-38.107492,146.609927
3855-vic,-12.4643506,130.842693
3856-vic,-38.021669,146.568332
3857-vic,-38.055481,146.72994
3858-vic,-37.551321,146.799392
3859-vic,-37.936603,146.895838
3860-vic,-37.797153,146.946101
3861-vic,-12.4643506,130.842693
3862-vic,-37.576642,147.431936
3863-vic,-12.4643506,130.842693
3864-vic,-37.72669,147.302712
3865-vic,-37.801201,147.449147
3866-vic,-12.4643506,130.842693
3867-vic,-12.4643506,130.842693
3868-vic,-12.4643506,130.842693
3869-vic,-38.354741,146.342009
3870-vic,-38.418035,146.395773
3871-vic,-38.431239,146.184632
3872-vic,-12.4643506,130.842693
3873-vic,-38.288543,146.73646
3874-vic,-38.525967,146.894775
3875-vic,-37.853569,147.545627
3876-vic,-12.4643506,130.842693
3877-vic,-12.4643506,130.842693
3878-vic,-37.890138,147.688845
3879-vic,-12.4643506,130.842693
3880-vic,-37.998206,147.640274
3881-vic,-12.4643506,130.842693
3882-vic,-37.811153,147.750172
3883-vic,-12.4643506,130.842693
3884-vic,-12.4643506,130.842693
3885-vic,-37.179401,148.068933
3886-vic,-37.767788,148.428062
3887-vic,-37.735652,148.039474
3888-vic,-37.351089,148.557957
3889-vic,-37.505248,149.111072
3890-vic,-37.567108,149.153578
3891-vic,-37.542268,149.562854
3892-vic,-37.547963,149.744832
3893-vic,-37.557551,147.852177
3894-vic,-36.9725304,144.2581832
3895-vic,-37.460176,147.88232
3896-vic,-37.20009,147.742381
3897-vic,-12.4643506,130.842693
3898-vic,-37.108999,147.558423
3899-vic,-12.4643506,130.842693
3900-vic,-36.881539,147.622606
3901-vic,-12.4643506,130.842693
3902-vic,-37.81617,147.811456
3903-vic,-37.81341,147.869378
3904-vic,-37.863774,147.841993
3905-vic,-12.4643506,130.842693
3906-vic,-37.8011652,144.8970254
3907-vic,-12.4643506,130.842693
3908-vic,-12.4643506,130.842693
3909-vic,-37.843672,147.960015
3910-vic,-38.154571,145.197427
3911-vic,-38.195355,145.172878
3912-vic,-38.215464,145.222539
3913-vic,-38.263711,145.187138
3914-vic,-12.4643506,130.842693
3915-vic,-38.297935,145.131645
3916-vic,-37.87566485,145.0478117630234
3917-vic,-12.4643506,130.842693
3918-vic,-38.337437,145.177868
3919-vic,-38.352354,145.202887
3920-vic,-38.381071,145.19822
3921-vic,-38.350014,145.364899
3922-vic,-38.485927,145.210306
3923-vic,-38.490093,145.294101
3924-vic,-12.4643506,130.842693
3925-vic,-38.51627215,145.344040075
3926-vic,-38.353676,145.11334
3927-vic,-38.392324,145.17261
3928-vic,-38.400321,144.96658
3929-vic,-38.458355,144.978276
3930-vic,-38.195076,145.092892
3931-vic,-38.230432,145.060281
3932-vic,-12.4643506,130.842693
3933-vic,-38.24703,145.118995
3934-vic,-38.275444,145.030734
3935-vic,-12.4643506,130.842693
3936-vic,-38.335856,144.999117
3937-vic,-38.388188,145.03582
3938-vic,-38.35997,144.93383
3939-vic,-38.421521,144.892734
3940-vic,-38.373721,144.875529
3941-vic,-38.386921,144.819609
3942-vic,-38.368731,144.772272
3943-vic,-38.344718,144.742064
3944-vic,-38.322783,144.700397
3945-vic,-38.38845,145.71278
3946-vic,-38.434699,145.735476
3947-vic,-12.4643506,130.842693
3948-vic,-12.4643506,130.842693
3949-vic,-12.4643506,130.842693
3950-vic,-38.40247,145.845478
3951-vic,-38.478146,145.772282
3952-vic,-12.4643506,130.842693
3953-vic,-38.476038450000004,145.94614293711885
3954-vic,-38.559807,145.952056
3955-vic,-12.4643506,130.842693
3956-vic,-38.698251,145.947156
3957-vic,-38.599502,146.121206
3958-vic,-38.662154,145.987333
3959-vic,-38.723968,146.078642
3960-vic,-38.67470974411765,146.20416993529412
3961-vic,-12.4643506,130.842693
3962-vic,-38.633921,146.334155
3963-vic,-12.4643506,130.842693
3964-vic,-38.682112,146.275633
3965-vic,-38.697408,146.459087
3966-vic,-38.573559,146.45298
3967-vic,-38.650435,146.527608
3968-vic,-12.4643506,130.842693
3969-vic,-12.4643506,130.842693
3970-vic,-12.4643506,130.842693
3971-vic,-38.566496,146.661781
3972-vic,-12.4643506,130.842693
3973-vic,-12.4643506,130.842693
3974-vic,-12.4643506,130.842693
3975-vic,-38.061991,145.253149
3976-vic,-38.038599,145.268601
3977-vic,-38.137571,145.291702
3978-vic,-38.135863,145.390679
3979-vic,-38.479549,145.617631
3980-vic,-38.202026,145.380271
3981-vic,-38.208936,145.585342
3982-vic,-12.4643506,130.842693
3983-vic,-12.4643506,130.842693
3984-vic,-38.331979,145.555573
3985-vic,-12.4643506,130.842693
3986-vic,-12.4643506,130.842693
3987-vic,-38.316755,145.660629
3988-vic,-38.314789,145.770191
3989-vic,-12.4643506,130.842693
3990-vic,-38.452218,145.524512
3991-vic,-38.489942,145.456164
3992-vic,-38.559131,145.5362
3993-vic,-12.4643506,130.842693
3994-vic,-12.4643506,130.842693
3995-vic,-38.571601,145.610853
3996-vic,-38.622418,145.718152
3997-vic,-12.4643506,130.842693
3998-vic,-12.4643506,130.842693
